{
	"id": "ds-content",
	"title": "Draw Steel Content",
	"description": "Personal Draw Steel Content",
	"version": "0.0.0",
	"authors": [{
		"name": "mefron",
		"url": ""
	}],
	"minimumCoreVersion": "0.6.5",
	"compatibleCoreVersion": "13",
	"compatibility": {
		"minimum": "0.6.5",
		"verified": "13"
	},
	"url": "https://github.com/mefron/ds-content",
	"bugs": "https://github.com/mefron/ds-content/issues",
	"manifest": "https://github.com/mefron/ds-content/releases/latest/download/module.json",
	"download": "https://github.com/mefron/ds-content/releases/download/v0.0.0/ds-content-v0.0.0.zip"
}